{
  "kd_b02": {
    "mean": 0.09272083333333334,
    "std": 0.01566139150994501
  },
  "water_trans": {
    "mean": 0.06927083333333331,
    "std": 0.01165391416124976
  },
  "contrast": {
    "mean": 0.043312499999999976,
    "std": 0.007231117652202871
  },
  "signal_strength": {
    "mean": 0.0994270833333333,
    "std": 0.0170616306504211
  },
  "cleanliness": {
    "mean": 0.08452499999999996,
    "std": 0.014259815698318112
  }
}