{
  "benthic_contrast": {
    "mean": 0.0012378554915651208,
    "std": 0.00041880490731972423
  },
  "snr": {
    "mean": 0.05147148645487783,
    "std": 0.022668165049833062
  },
  "fft_clean": {
    "mean": 0.05832615953433129,
    "std": 0.0251503161665815
  },
  "edge_entropy": {
    "mean": -0.01367904830275568,
    "std": 0.011672462614910797
  },
  "dyn_range": {
    "mean": 0.16334273304278046,
    "std": 0.051010111410934596
  },
  "signal": {
    "mean": 0.07790514250820268,
    "std": 0.03643387390952776
  }
}