{
  "kd_b02": {
    "mean": -0.1279131187360449,
    "std": 0.04325608585669443
  },
  "water_trans": {
    "mean": -0.10286263198029633,
    "std": 0.053673914348863185
  },
  "signal_strength": {
    "mean": -0.15075500190674557,
    "std": 0.06574379727360485
  },
  "cleanliness": {
    "mean": -0.08852609790662942,
    "std": 0.056854429739439515
  }
}